,Supplier_Lead_Time,Inventory_Levels,Order_Frequency,Delivery_Performance,Cost_Per_Unit
Supplier_Lead_Time,1.0,0.11141501279059574,-0.14630267563875235,-0.823160969993255,0.7890123708418002
Inventory_Levels,0.11141501279059574,1.0,-0.5620799849140131,-0.19657056080278643,-0.02219772730853038
Order_Frequency,-0.14630267563875235,-0.5620799849140131,1.0,0.2005459629724452,0.034777408894122196
Delivery_Performance,-0.823160969993255,-0.19657056080278643,0.2005459629724452,1.0,-0.7226427181926942
Cost_Per_Unit,0.7890123708418002,-0.02219772730853038,0.034777408894122196,-0.7226427181926942,1.0
